"model","Df","Mean Sq","F value"
"Survival",1,1.94818937967719,0.301758796295227
"Development",1,1.04232985289677e-05,0.32437479534246
"Wing Length",1,0.0016458905034828,0.055226046636257
"Growth",1,8.07703340227887e-10,2.34671674881433e-06
"Body Inf",1,0.795098309733121,0.61683348060653
"Head Inf",1,0.15615298599431,0.124086561692641
"Sal Inf",1,0.079167466863249,0.131655489686981
"VC",1,0.0313918106894329,0.0063474436012363
